date,price
1996-01-01,18.07
1996-02-01,18.7
1996-03-01,18.49
1996-04-01,18.52
1996-05-01,19.02
1996-06-01,20.57
1996-07-01,21.9
1996-08-01,22.34
1996-09-01,23.43
1996-10-01,22.17
1996-11-01,22.89
1996-12-01,22.95
1997-01-01,22.27
1997-02-01,20.24
1997-03-01,18.71
1997-04-01,19.21
1997-05-01,20.65
1997-06-01,20.5
1997-07-01,20.94
1997-08-01,21.92
1997-09-01,23.23
1997-10-01,24.08
1997-11-01,26.33
1997-12-01,26.55
1998-01-01,28.75
1998-02-01,31.47
1998-03-01,29.06
1998-04-01,28.24
1998-05-01,28.17
1998-06-01,27.54
1998-07-01,27.32
1998-08-01,26.81
1998-09-01,26.41
1998-10-01,26.75
1998-11-01,26.71
1998-12-01,27.36
1999-01-01,28.75
1999-02-01,31.47
1999-03-01,29.06
1999-04-01,28.24
1999-05-01,28.17
1999-06-01,27.54
1999-07-01,27.32
1999-08-01,26.81
1999-09-01,26.41
1999-10-01,26.75
1999-11-01,26.71
1999-12-01,27.36
2000-01-01,26.94
2000-02-01,25.0
2000-03-01,23.09
2000-04-01,22.13
2000-05-01,21.71
2000-06-01,21.2
2000-07-01,20.61
2000-08-01,21.68
2000-09-01,22.56
2000-10-01,22.18
2000-11-01,24.16
2000-12-01,25.36
2001-01-01,26.3
2001-02-01,26.62
2001-03-01,25.27
2001-04-01,25.19
2001-05-01,25.59
2001-06-01,25.47
2001-07-01,26.08
2001-08-01,26.61
2001-09-01,26.81
2001-10-01,26.96
2001-11-01,28.57
2001-12-01,31.05
2002-01-01,33.52
2002-02-01,34.74
2002-03-01,31.38
2002-04-01,28.8
2002-05-01,29.0
2002-06-01,28.95
2002-07-01,28.59
2002-08-01,28.21
2002-09-01,28.0
2002-10-01,28.34
2002-11-01,28.74
2002-12-01,29.3
2003-01-01,30.41
2003-02-01,29.7
2003-03-01,27.74
2003-04-01,27.02
2003-05-01,27.0
2003-06-01,28.18
2003-07-01,27.21
2003-08-01,26.69
2003-09-01,26.76
2003-10-01,26.85
2003-11-01,29.52
2003-12-01,31.61
2004-01-01,32.33
2004-02-01,33.19
2004-03-01,32.03
2004-04-01,32.44
2004-05-01,33.64
2004-06-01,33.69
2004-07-01,34.82
2004-08-01,35.25
2004-09-01,36.47
2004-10-01,36.66
2004-11-01,39.07
2004-12-01,38.37
2005-01-01,38.49
2005-02-01,35.92
2005-03-01,31.81
2005-04-01,31.28
2005-05-01,30.67
2005-06-01,30.59
2005-07-01,29.47
2005-08-01,29.01
2005-09-01,29.66
2005-10-01,29.8
2005-11-01,31.77
2005-12-01,35.24
2006-01-01,34.07
2006-02-01,31.86
2006-03-01,29.26
2006-04-01,29.72
2006-05-01,29.91
2006-06-01,30.47
2006-07-01,30.88
2006-08-01,30.1
2006-09-01,31.34
2006-10-01,31.75
2006-11-01,33.42
2006-12-01,36.31
2007-01-01,37.04
2007-02-01,38.04
2007-03-01,36.12
2007-04-01,35.03
2007-05-01,37.24
2007-06-01,37.79
2007-07-01,38.37
2007-08-01,39.37
2007-09-01,39.92
2007-10-01,41.63
2007-11-01,53.6
2007-12-01,56.83
2008-01-01,66.37
2008-02-01,64.01
2008-03-01,65.98
2008-04-01,71.48
2008-05-01,66.56
2008-06-01,66.75
2008-07-01,65.69
2008-08-01,63.38
2008-09-01,63.52
2008-10-01,64.88
2008-11-01,66.37
2008-12-01,67.48
2009-01-01,68.76
2009-02-01,68.18
2009-03-01,63.58
2009-04-01,61.17
2009-05-01,62.41
2009-06-01,63.21
2009-07-01,62.8
2009-08-01,62.76
2009-09-01,62.9
2009-10-01,63.53
2009-11-01,65.51
2009-12-01,72.01
2010-01-01,77.38
2010-02-01,75.42
2010-03-01,63.12
2010-04-01,59.03
2010-05-01,58.14
2010-06-01,56.84
2010-07-01,55.73
2010-08-01,54.74
2010-09-01,53.46
2010-10-01,55.57
2010-11-01,60.35
2010-12-01,62.18
2011-01-01,60.95
2011-02-01,63.03
2011-03-01,62.6
2011-04-01,62.35
2011-05-01,62.33
2011-06-01,62.26
2011-07-01,61.88
2011-08-01,60.83
2011-09-01,58.39
2011-10-01,58.78
2011-11-01,60.51
2011-12-01,62.54
2012-01-01,61.54
2012-02-01,59.53
2012-03-01,58.66
2012-04-01,57.64
2012-05-01,57.07
2012-06-01,58.04
2012-07-01,59.48
2012-08-01,58.91
2012-09-01,61.44
2012-10-01,61.98
2012-11-01,62.72
2012-12-01,63.58
2013-01-01,63.81
2013-02-01,63.15
2013-03-01,62.88
2013-04-01,63.3
2013-05-01,63.64
2013-06-01,63.01
2013-07-01,62.92
2013-08-01,62.61
2013-09-01,62.69
2013-10-01,63.29
2013-11-01,64.65
2013-12-01,66.34
2014-01-01,68.09
2014-02-01,69.91
2014-03-01,70.27
2014-04-01,72.99
2014-05-01,74.74
2014-06-01,75.8
2014-07-01,77.74
2014-08-01,79.79
2014-09-01,85.46
2014-10-01,86.74
2014-11-01,88.83
2014-12-01,88.31
2015-01-01,88.05
2015-02-01,85.41
2015-03-01,81.34
2015-04-01,79.12
2015-05-01,78.49
2015-06-01,76.38
2015-07-01,75.01
2015-08-01,72.59
2015-09-01,73.31
2015-10-01,73.89
2015-11-01,77.35
2015-12-01,78.5
2016-01-01,77.95
2016-02-01,76.67
2016-03-01,75.75
2016-04-01,76.16
2016-05-01,77.85
2016-06-01,77.9
2016-07-01,77.43
2016-08-01,76.19
2016-09-01,76.49
2016-10-01,79.15
2016-11-01,83.92
2016-12-01,91.29
2017-01-01,96.09
2017-02-01,95.8
2017-03-01,85.58
2017-04-01,87.81
2017-05-01,90.29
2017-06-01,95.48
2017-07-01,96.01
2017-08-01,95.76
2017-09-01,98.19
2017-10-01,101.84
2017-11-01,104.78
2017-12-01,103.61
2018-01-01,101.72
2018-02-01,96.29
2018-03-01,94.49
2018-04-01,96.13
2018-05-01,100.09
2018-06-01,97.27
2018-07-01,94.48
2018-08-01,92.09
2018-09-01,91.46
2018-10-01,91.97
2018-11-01,89.27
2018-12-01,89.9
2019-01-01,93.0
2019-02-01,91.33
2019-03-01,91.36
2019-04-01,88.48
2019-05-01,90.15
2019-06-01,88.56
2019-07-01,87.99
2019-08-01,89.06
2019-09-01,92.08
2019-10-01,96.74
2019-11-01,99.21
2019-12-01,103.29
2020-01-01,94.66
2020-02-01,98.0
2020-03-01,98.0
2020-04-01,
2020-05-01,96.0
2020-06-01,100.19
2020-07-01,98.97
2020-08-01,99.16
2020-09-01,99.85
2020-10-01,
2020-11-01,
2020-12-01,
2021-01-01,110.93
2021-02-01,107.15
2021-03-01,108.65
2021-04-01,113.84
2021-05-01,117.56
2021-06-01,127.5
2021-07-01,121.77
2021-08-01,119.95
2021-09-01,110.22
2021-10-01,124.68
2021-11-01,139.03
2021-12-01,138.5
2022-01-01,158.14
2022-02-01,161.16
2022-03-01,173.79
2022-04-01,211.24
2022-05-01,217.29
2022-06-01,247.14
2022-07-01,250.07
2022-08-01,239.24
2022-09-01,228.44
2022-10-01,224.78
2022-11-01,222.28
2022-12-01,218.2
